{
  "next-env.d.ts": 1776230393.4844017,
  "next.config.ts": 1775740595.5351236,
  "vitest.config.ts": 1776089728.8205602,
  "src\\middleware.ts": 1776226526.419484,
  "src\\app\\layout.tsx": 1776090108.4563272,
  "src\\app\\page.tsx": 1776226965.1283455,
  "src\\app\\(authenticated)\\AuthenticatedLayoutClient.tsx": 1776227993.7078936,
  "src\\app\\(authenticated)\\layout.tsx": 1776228005.1307411,
  "src\\app\\auth\\actions.ts": 1776226470.3443663,
  "src\\app\\auth\\page.tsx": 1776226498.789467,
  "src\\app\\auth\\callback\\route.ts": 1776226472.4269447,
  "src\\app\\projects\\[id]\\layout.tsx": 1776103201.942211,
  "src\\app\\projects\\[id]\\page.tsx": 1776226958.4573672,
  "src\\components\\auth\\AuthDropdown.tsx": 1776226553.4443588,
  "src\\components\\auth\\AuthStatus.tsx": 1776226573.4630187,
  "src\\components\\chapter\\chapter-context-menu.tsx": 1776092277.9808004,
  "src\\components\\chapter\\chapter-row.tsx": 1776092264.3957317,
  "src\\components\\chapter\\chapter-sidebar.tsx": 1776168113.8457515,
  "src\\components\\chapter\\create-chapter-input.tsx": 1776092306.7139068,
  "src\\components\\chapter\\delete-chapter-dialog.tsx": 1776092317.0418024,
  "src\\components\\editor\\editor-toolbar.tsx": 1776102939.2525523,
  "src\\components\\editor\\editor-types.ts": 1776186406.3195899,
  "src\\components\\editor\\editor.tsx": 1776231033.5512354,
  "src\\components\\editor\\floating-toolbar.tsx": 1776190973.5738685,
  "src\\components\\editor\\theme-provider.tsx": 1776102894.0116057,
  "src\\components\\generation\\generation-panel.tsx": 1776220775.479716,
  "src\\components\\outline\\outline-edit-form.tsx": 1776220835.970968,
  "src\\components\\outline\\outline-tab.tsx": 1776143190.1762187,
  "src\\components\\project\\create-project-modal.tsx": 1776090551.9097817,
  "src\\components\\project\\empty-dashboard.tsx": 1776090469.778471,
  "src\\components\\project\\project-card.tsx": 1776090525.380718,
  "src\\components\\project\\project-dashboard.tsx": 1776090619.111732,
  "src\\components\\project\\project-settings-dialog.tsx": 1776220869.4827335,
  "src\\components\\project\\project-settings-form.tsx": 1776090584.6514645,
  "src\\components\\sync\\SyncManager.tsx": 1776230361.7984898,
  "src\\components\\sync\\SyncProgress.tsx": 1776230223.943413,
  "src\\components\\sync\\SyncStatusIcon.tsx": 1776226876.5883424,
  "src\\components\\ui\\button.tsx": 1776090345.2635489,
  "src\\components\\ui\\dialog.tsx": 1776090394.528822,
  "src\\components\\ui\\input.tsx": 1776090353.0476155,
  "src\\components\\ui\\select.tsx": 1776090432.0521467,
  "src\\components\\ui\\textarea.tsx": 1776090365.9473133,
  "src\\components\\workspace\\ai-chat-panel.tsx": 1776191591.0630584,
  "src\\components\\workspace\\ai-config-dialog.tsx": 1776230366.012234,
  "src\\components\\workspace\\draft-card.tsx": 1776186360.1279013,
  "src\\components\\workspace\\duplicate-entry-dialog.tsx": 1776191273.2970958,
  "src\\components\\workspace\\message-bubble.tsx": 1776186357.327011,
  "src\\components\\workspace\\new-entry-dialog.tsx": 1776191246.7921402,
  "src\\components\\workspace\\resizable-panel.tsx": 1776142754.2585137,
  "src\\components\\workspace\\suggestion-card.tsx": 1776191164.6619844,
  "src\\components\\world-bible\\create-entry-input.tsx": 1776168257.616154,
  "src\\components\\world-bible\\delete-entry-dialog.tsx": 1776168003.0246563,
  "src\\components\\world-bible\\relationship-section.tsx": 1776168843.9350338,
  "src\\components\\world-bible\\tag-input.tsx": 1776168025.8576963,
  "src\\components\\world-bible\\world-bible-tab.tsx": 1776168384.8968964,
  "src\\components\\world-bible\\world-entry-edit-form.tsx": 1776168869.7735739,
  "src\\lib\\ai\\suggestion-parser.ts": 1776230794.743453,
  "src\\lib\\db\\chapter-queries.test.ts": 1776092144.6715386,
  "src\\lib\\db\\chapter-queries.ts": 1776142610.9574914,
  "src\\lib\\db\\index.ts": 1776089984.9609988,
  "src\\lib\\db\\meta-db.test.ts": 1776090033.9796512,
  "src\\lib\\db\\meta-db.ts": 1776089958.260062,
  "src\\lib\\db\\project-db.test.ts": 1776142808.8568006,
  "src\\lib\\db\\project-db.ts": 1776186016.0476534,
  "src\\lib\\db\\relation-queries.test.ts": 1776162701.615238,
  "src\\lib\\db\\relation-queries.ts": 1776162938.088683,
  "src\\lib\\db\\world-entry-queries.test.ts": 1776162572.567022,
  "src\\lib\\db\\world-entry-queries.ts": 1776190826.9806073,
  "src\\lib\\export\\docx-export.ts": 1776230794.740446,
  "src\\lib\\export\\epub-export.ts": 1776230223.9454129,
  "src\\lib\\export\\epub-gen.d.ts": 1776230223.943413,
  "src\\lib\\export\\markdown-export.ts": 1776220669.9015472,
  "src\\lib\\hooks\\use-ai-chat.ts": 1776230361.7864914,
  "src\\lib\\hooks\\use-ai-config.ts": 1776185864.1806128,
  "src\\lib\\hooks\\use-autosave.test.ts": 1776091434.0397344,
  "src\\lib\\hooks\\use-autosave.ts": 1776091583.6864326,
  "src\\lib\\hooks\\use-chapter-editor.ts": 1776104510.713806,
  "src\\lib\\hooks\\use-chapter-generation.ts": 1776230794.740446,
  "src\\lib\\hooks\\use-chapters.ts": 1776227951.9574285,
  "src\\lib\\hooks\\use-context-injection.ts": 1776190716.7551098,
  "src\\lib\\hooks\\use-dismissed-suggestions.ts": 1776191502.5207832,
  "src\\lib\\hooks\\use-layout.ts": 1776186029.3196874,
  "src\\lib\\hooks\\use-projects.test.ts": 1776090076.901953,
  "src\\lib\\hooks\\use-projects.ts": 1776227933.3440254,
  "src\\lib\\hooks\\use-relations.ts": 1776227984.0134184,
  "src\\lib\\hooks\\use-word-count.ts": 1776103172.842769,
  "src\\lib\\hooks\\use-world-entries.ts": 1776227970.228262,
  "src\\lib\\hooks\\useAuth.ts": 1776226546.273735,
  "src\\lib\\hooks\\useSync.ts": 1776230361.7984898,
  "src\\lib\\supabase\\client.ts": 1776226433.0155904,
  "src\\lib\\supabase\\middleware.ts": 1776226439.1373882,
  "src\\lib\\supabase\\server.ts": 1776226435.5393658,
  "src\\lib\\sync\\conflict-resolver.ts": 1776226845.1889484,
  "src\\lib\\sync\\sync-engine.ts": 1776230794.7414477,
  "src\\lib\\sync\\sync-queue.ts": 1776226801.3144104,
  "src\\lib\\types\\chapter.ts": 1776142559.5383785,
  "src\\lib\\types\\index.ts": 1776162219.5393977,
  "src\\lib\\types\\project.ts": 1776103157.5041628,
  "src\\lib\\types\\relation.ts": 1776162203.3363082,
  "src\\lib\\types\\world-entry.ts": 1776162194.4396849,
  "src\\lib\\utils\\index.ts": 1776090456.5606246,
  "src\\test\\setup.ts": 1776230223.9414146,
  "AGENTS.md": 1776085633.9687,
  "README.md": 1775740595.4403975,
  "_dec1.txt": 1776092751.1109755,
  "_dec2.txt": 1776092751.198341,
  "public\\file.svg": 1775740595.4839487,
  "public\\globe.svg": 1775740595.4928155,
  "public\\next.svg": 1775740595.500808,
  "public\\vercel.svg": 1775740595.509097,
  "public\\window.svg": 1775740595.5163977
}