{
  "next-env.d.ts": 1776291539.7589872,
  "next.config.ts": 1775740595.5351236,
  "vitest.config.ts": 1776089728.8205602,
  "src\\middleware.ts": 1776291516.328003,
  "src\\app\\layout.tsx": 1776289974.0767307,
  "src\\app\\page.tsx": 1776291485.6685126,
  "src\\app\\(authenticated)\\AuthenticatedLayoutClient.tsx": 1776265882.039955,
  "src\\app\\(authenticated)\\layout.tsx": 1776263055.748036,
  "src\\app\\auth\\actions.ts": 1776226470.3443663,
  "src\\app\\auth\\page.tsx": 1776249143.0739572,
  "src\\app\\auth\\callback\\route.ts": 1776249143.1104043,
  "src\\app\\projects\\[id]\\layout.tsx": 1776286880.2640135,
  "src\\app\\projects\\[id]\\page.tsx": 1776286925.0894547,
  "src\\components\\auth\\AuthDropdown.tsx": 1776247781.8834927,
  "src\\components\\auth\\AuthStatus.tsx": 1776226573.4630187,
  "src\\components\\chapter\\chapter-context-menu.tsx": 1776287005.7721097,
  "src\\components\\chapter\\chapter-row.tsx": 1776286991.3140545,
  "src\\components\\chapter\\chapter-sidebar.tsx": 1776286966.465564,
  "src\\components\\chapter\\create-chapter-input.tsx": 1776287031.3579347,
  "src\\components\\chapter\\delete-chapter-dialog.tsx": 1776092317.0418024,
  "src\\components\\editor\\editor-toolbar.tsx": 1776287031.6718173,
  "src\\components\\editor\\editor-types.ts": 1776186406.3195899,
  "src\\components\\editor\\editor.tsx": 1776247781.8864925,
  "src\\components\\editor\\floating-toolbar.tsx": 1776287032.001333,
  "src\\components\\editor\\theme-provider.tsx": 1776102894.0116057,
  "src\\components\\generation\\generation-panel.tsx": 1776247781.8874915,
  "src\\components\\outline\\outline-edit-form.tsx": 1776287325.2531514,
  "src\\components\\outline\\outline-tab.tsx": 1776287294.185047,
  "src\\components\\project\\create-project-modal.tsx": 1776291209.2408628,
  "src\\components\\project\\empty-dashboard.tsx": 1776290070.6905015,
  "src\\components\\project\\project-card.tsx": 1776291384.5977383,
  "src\\components\\project\\project-dashboard.tsx": 1776291419.3421476,
  "src\\components\\project\\project-settings-dialog.tsx": 1776247781.891492,
  "src\\components\\project\\project-settings-form.tsx": 1776286862.5141478,
  "src\\components\\sync\\SyncManager.tsx": 1776247781.8924918,
  "src\\components\\sync\\SyncProgress.tsx": 1776287401.7442508,
  "src\\components\\sync\\SyncStatusIcon.tsx": 1776247781.8934913,
  "src\\components\\ui\\button.tsx": 1776286791.8415532,
  "src\\components\\ui\\dialog.tsx": 1776286809.9870946,
  "src\\components\\ui\\input.tsx": 1776286792.1639695,
  "src\\components\\ui\\select.tsx": 1776286826.521597,
  "src\\components\\ui\\textarea.tsx": 1776286792.453113,
  "src\\components\\workspace\\ai-chat-panel.tsx": 1776287078.5513875,
  "src\\components\\workspace\\ai-config-dialog.tsx": 1776287126.4148512,
  "src\\components\\workspace\\consistency-warning-card.tsx": 1776284592.232991,
  "src\\components\\workspace\\draft-card.tsx": 1776287126.6862159,
  "src\\components\\workspace\\duplicate-entry-dialog.tsx": 1776247781.8974924,
  "src\\components\\workspace\\message-bubble.tsx": 1776287100.9530115,
  "src\\components\\workspace\\new-entry-dialog.tsx": 1776287487.105553,
  "src\\components\\workspace\\resizable-panel.tsx": 1776247781.8994925,
  "src\\components\\workspace\\suggestion-card.tsx": 1776287102.935998,
  "src\\components\\world-bible\\create-entry-input.tsx": 1776247781.8994925,
  "src\\components\\world-bible\\delete-entry-dialog.tsx": 1776168003.0246563,
  "src\\components\\world-bible\\relationship-section.tsx": 1776287245.7438023,
  "src\\components\\world-bible\\tag-input.tsx": 1776287263.324865,
  "src\\components\\world-bible\\world-bible-tab.tsx": 1776287182.7765362,
  "src\\components\\world-bible\\world-entry-edit-form.tsx": 1776287204.5573394,
  "src\\lib\\ai\\suggestion-parser.ts": 1776247781.9024913,
  "src\\lib\\db\\chapter-queries.test.ts": 1776261925.8301606,
  "src\\lib\\db\\chapter-queries.ts": 1776142610.9574914,
  "src\\lib\\db\\index.ts": 1776089984.9609988,
  "src\\lib\\db\\meta-db.test.ts": 1776261925.9058924,
  "src\\lib\\db\\meta-db.ts": 1776089958.260062,
  "src\\lib\\db\\project-db.test.ts": 1776142808.8568006,
  "src\\lib\\db\\project-db.ts": 1776284554.0838504,
  "src\\lib\\db\\relation-queries.test.ts": 1776162701.615238,
  "src\\lib\\db\\relation-queries.ts": 1776162938.088683,
  "src\\lib\\db\\world-entry-queries.test.ts": 1776162572.567022,
  "src\\lib\\db\\world-entry-queries.ts": 1776190826.9806073,
  "src\\lib\\export\\docx-export.ts": 1776247781.9034925,
  "src\\lib\\export\\epub-export.ts": 1776247781.9034925,
  "src\\lib\\export\\epub-gen.d.ts": 1776230223.943413,
  "src\\lib\\export\\markdown-export.ts": 1776220669.9015472,
  "src\\lib\\hooks\\use-ai-chat.ts": 1776284682.2533245,
  "src\\lib\\hooks\\use-ai-config.ts": 1776263036.734459,
  "src\\lib\\hooks\\use-autosave.test.ts": 1776091434.0397344,
  "src\\lib\\hooks\\use-autosave.ts": 1776091583.6864326,
  "src\\lib\\hooks\\use-chapter-editor.ts": 1776104510.713806,
  "src\\lib\\hooks\\use-chapter-generation.ts": 1776263882.7115922,
  "src\\lib\\hooks\\use-chapters.ts": 1776263882.6564512,
  "src\\lib\\hooks\\use-consistency-exemptions.ts": 1776284566.0247152,
  "src\\lib\\hooks\\use-context-injection.ts": 1776190716.7551098,
  "src\\lib\\hooks\\use-dismissed-suggestions.ts": 1776191502.5207832,
  "src\\lib\\hooks\\use-layout.ts": 1776263882.684839,
  "src\\lib\\hooks\\use-projects.test.ts": 1776261977.4528644,
  "src\\lib\\hooks\\use-projects.ts": 1776227933.3440254,
  "src\\lib\\hooks\\use-relations.ts": 1776227984.0134184,
  "src\\lib\\hooks\\use-word-count.ts": 1776103172.842769,
  "src\\lib\\hooks\\use-world-entries.ts": 1776227970.228262,
  "src\\lib\\hooks\\useAuth.ts": 1776226546.273735,
  "src\\lib\\hooks\\useSync.ts": 1776247781.905491,
  "src\\lib\\supabase\\client.ts": 1776226433.0155904,
  "src\\lib\\supabase\\middleware.ts": 1776226439.1373882,
  "src\\lib\\supabase\\server.ts": 1776226435.5393658,
  "src\\lib\\sync\\conflict-resolver.ts": 1776226845.1889484,
  "src\\lib\\sync\\sync-engine.ts": 1776247781.905491,
  "src\\lib\\sync\\sync-queue.ts": 1776226801.3144104,
  "src\\lib\\types\\chapter.ts": 1776142559.5383785,
  "src\\lib\\types\\index.ts": 1776162219.5393977,
  "src\\lib\\types\\project.ts": 1776103157.5041628,
  "src\\lib\\types\\relation.ts": 1776162203.3363082,
  "src\\lib\\types\\world-entry.ts": 1776162194.4396849,
  "src\\lib\\utils\\index.ts": 1776090456.5606246,
  "src\\test\\setup.ts": 1776247781.906492,
  "AGENTS.md": 1776085633.9687,
  "CLAUDE.md": 1776255925.808606,
  "README.md": 1775740595.4403975,
  "docs\\superpowers\\plans\\2026-04-15-mcp-e2e-fix-verify.md": 1776260242.3551228,
  "docs\\superpowers\\plans\\2026-04-15-ui-redesign.md": 1776245438.047046,
  "docs\\superpowers\\specs\\2026-04-15-mcp-e2e-fix-optimize-design.md": 1776259270.4418292,
  "docs\\superpowers\\specs\\2026-04-15-ui-redesign-design.md": 1776244781.127367,
  "graphify-out\\GRAPH_REPORT.md": 1776313260.0605125,
  "public\\file.svg": 1775740595.4839487,
  "public\\globe.svg": 1775740595.4928155,
  "public\\next.svg": 1775740595.500808,
  "public\\vercel.svg": 1775740595.509097,
  "public\\window.svg": 1775740595.5163977
}